id,lat,lon,date,year,month,source,aet,cwd,pet,ppt,tmn,tmx,ppt_winter_sum,tmx_summer_mean,cec,drclass,om,ph
2422335344,33.80853,-117.421,2000-04-15,2000,4,gbif,66.9800033569336,69.220001220703125,136.1999969482422,24.229999542236328,9.3100004196167,24.549999237060547,126.83000183105469,33.27000045776367,10.802141189575195,2,0.6286760568618774,6.5731306076049805
2982035773,33.781389,-117.188889,2000-05-09,2000,5,gbif,28.239999771118164,140.66000366210938,168.89999389648438,1.1299999952316284,11.359999656677246,29.940000534057617,104.60999298095703,35.0533332824707,35,6,0.3711166977882385,8.6881256103515625
3125060965,35.24117,-119.25017,2001-04-27,2001,4,gbif,42.619998931884766,90.68000030517578,133.3000030517578,18.1299991607666,8.170000076293945,21.84000015258789,114.18000030517578,35.41999816894531,15.899999618530273,3,0.39901700615882874,9.010000228881836
3059683689,35.0833,-119.7167,2001-04-12,2001,4,gbif,0,122.19999694824219,122.19999694824219,20.030000686645508,4.820000171661377,18.170000076293945,164.22999572753906,33.62999725341797,13.305891036987305,3,0.1697748303413391,8.177227020263672
2430530183,35.1755,-118.3365,2001-04-26,2001,4,gbif,106.83000183105469,9.270000457763672,116.0999984741211,40.150001525878906,2.4600000381469727,14.930000305175781,149.17999267578125,30.43666648864746,11.135793685913086,3,0.4874580502510071,7.405472755432129
2421746500,35.241144,-119.259997,2001-04-27,2001,4,gbif,26.260000228881836,107.23999786376953,133.5,17.68000030517578,8.25,21.889999389648438,113.19999694824219,35.4566650390625,16.015060424804688,3,0.4000000059604645,9.015459060668945
2421707286,36.334167,-120.336111,2001-04-23,2001,4,gbif,0,126.30000305175781,126.30000305175781,21.709999084472656,6.389999866485596,21.079999923706055,138.22000122070313,34.720001220703125,14.920000076293945,3,0.35122743248939514,7.368741035461426
3125063966,35.38717,-120.1495,2001-05-02,2001,5,gbif,74.41999816894531,91.779998779296875,166.1999969482422,0,8.8100004196167,31.329999923706055,203.5800018310547,34.05666732788086,11.617012977600098,3,1.1049542427062988,7.55428409576416
3125067968,33.86667,-117.11667,2002-04-07,2002,4,gbif,24.84000015258789,112.16000366210938,137,9.220000267028809,7.269999980926514,22.850000381469727,33.029998779296875,33.516666412353516,35,6,0.33000001311302185,8.699999809265137
2430051436,33.869444,-117.129167,2002-04-07,2002,4,gbif,16.389999389648438,121.70999908447266,138.10000610351563,8.850000381469727,7.639999866485596,23.260000228881836,29.229999542236328,33.79666519165039,9.36313533782959,3,0.2712284028530121,6.919589996337891
2421684104,34.938056,-119.486222,2003-03-27,2003,3,gbif,24.940000534057617,68.160003662109375,93.0999984741211,41.380001068115234,2.990000009536743,17.56999969482422,132.7899932861328,33.28666687011719,18.78667640686035,3,0.3512049913406372,8.073513984680176
2421684084,35.305,-119.983889,2003-03-26,2003,3,gbif,0,92.19999694824219,92.19999694824219,32.939998626708984,2.859999895095825,18.530000686645508,131.13999938964844,33.97999954223633,27.59000015258789,4,0.07000000029802322,8.270000457763672
3125060035,35.0992,-119.83053,2003-04-23,2003,4,gbif,28.059999465942383,75.94000244140625,104,50.2599983215332,2.0799999237060547,14.329999923706055,213.57000732421875,30.886667251586914,23.23448371887207,3,0.542216420173645,8.067191123962402
3053376967,34.8818651,-119.4284758,2003-04-24,2003,4,gbif,48.84000015258789,69.160003662109375,118,39.88999938964844,1.840000033378601,17.079999923706055,159.63999938964844,33.45333480834961,16.88267707824707,3,0.557742714881897,7.384506702423096
2610089838,34.911111,-119.285833,2004-05-04,2004,5,gbif,3.5799999237060547,144.9199981689453,148.5,0,5.199999809265137,23.190000534057617,206.63999938964844,30.020000457763672,18.032915115356445,3,0.6496015191078186,6.9878106117248535
3125142864,33.81806,-117.42944,2005-03-06,2005,3,gbif,33.38999938964844,71.70999908447266,105.0999984741211,24.469999313354492,7.849999904632568,20.25,429.17999267578125,32.38666534423828,25.990922927856445,3,0.8057435154914856,7.0840911865234375
2270206316,35.031667,-119.658056,2005-03-24,2005,3,gbif,95,0,95,38.060001373291016,3.819999933242798,15.779999732971191,297.07000732421875,32.246665954589844,23.718944549560547,3,0.24012155830860138,8.069270133972168
2422514114,34.79722,-118.7825,2006-04-12,2006,4,gbif,109.30000305175781,0,109.30000305175781,65.9000015258789,3.119999885559082,14.180000305175781,124.43000030517578,31.18666648864746,10.687206268310547,3,1.4141746759414673,6.093100547790527
2422436927,34.79944,-118.75833,2006-04-18,2006,4,gbif,115.0999984741211,0,115.0999984741211,58.20000076293945,4.110000133514404,15,109.03999328613281,31.956666946411133,8.891044616699219,3,1.8040764331817627,6.519987106323242
2430354436,34.7793984,-118.8085745,2006-05-15,2006,5,gbif,153.1999969482422,0,153.1999969482422,6.889999866485596,9.579999923706055,24.6200008392334,118.02000427246094,31.779998779296875,9.4187164306640625,3,1.5321745872497559,6.421761989593506
2422438100,34.80417,-118.74917,2007-04-19,2007,4,gbif,0,126.5999984741211,126.5999984741211,24.1200008392334,6.699999809265137,19.719999313354492,97.6500015258789,32.116668701171875,7.728611469268799,3,0.6080600619316101,6.69862174987793
2422435756,34.77306,-118.65056,2007-04-25,2007,4,gbif,1.5800000429153442,128.22000122070313,129.8000030517578,18.579999923706055,7.519999980926514,21.020000457763672,88.29999542236328,33.2066650390625,7.566821575164795,3,0.17000000178813934,6.699999809265137
2422435659,34.89222,-118.88861,2007-04-26,2007,4,gbif,13.75,113.6500015258789,127.4000015258789,28.049999237060547,4.599999904632568,18.09000015258789,102.44999694824219,30.780000686645508,11.300000190734863,3,1.7599999904632568,6.679999828338623
2422436430,34.82639,-118.79611,2007-05-04,2007,5,gbif,24.829999923706055,132.77000427246094,157.60000610351563,0,9.399999618530273,24.100000381469727,103.78999328613281,31.059999465942383,14.374469757080078,3,0.8757917284965515,6.626894950866699
2421771164,35.195,-119.903889,2008-03-19,2008,3,gbif,23.940000534057617,70.76000213623047,94.69999694824219,1.159999966621399,3.0999999046325684,18.850000381469727,253.20999145507813,34.026668548583984,25.472761154174805,3,0.18545407056808472,8.014185905456543
2421709868,35.270831,-119.94279,2008-03-25,2008,3,gbif,0,91.19999694824219,91.19999694824219,1.1299999952316284,2.2100000381469727,18.889999389648438,233.66000366210938,34.27000045776367,24.93777847290039,4,0.08000892400741577,8.176180839538574
2382639129,33.80739,-117.45131,2008-03-12,2008,3,gbif,5.409999847412109,102.38999938964844,107.80000305175781,2.2100000381469727,7.170000076293945,22.1200008392334,209.13999938964844,33.35333251953125,30.03827476501465,3,0.18374748528003693,7.354440212249756
2422524991,34.80631,-118.6895,2008-04-10,2008,4,gbif,52.619998931884766,74.68000030517578,127.30000305175781,2.8499999046325684,5.329999923706055,20.200000762939453,225.00999450683594,32.63666534423828,11.721404075622559,3,0.600267767906189,6.6040825843811035
2422519216,34.7955,-118.69864,2008-04-14,2008,4,gbif,52.38999938964844,73.80999755859375,126.19999694824219,2.6500000953674316,5.28000020980835,20.010000228881836,237.63999938964844,32.41666793823242,13.501644134521484,3,0.10999999940395355,6.6677045822143555
2422444152,34.77935,-118.66728,2008-04-25,2008,4,gbif,53.349998474121094,72.94999694824219,126.30000305175781,2.0999999046325684,5.400000095367432,20.440000534057617,244.97999572753906,32.87666702270508,12.874706268310547,3,0.30568671226501465,6.861507892608643
2421768226,35.176944,-119.961944,2008-04-15,2008,4,gbif,62.2400016784668,67.95999908447266,130.1999969482422,1.5399999618530273,3.8499999046325684,20.690000534057617,336.19000244140625,33.43000030517578,14.738433837890625,3,0.34947195649147034,8.2012786865234375
3053463187,34.6031,-119.361867,2008-05-10,2008,5,gbif,107.3499984741211,27.25,134.60000610351563,11.789999961853027,4.659999847412109,21.34000015258789,780.69000244140625,30.766666412353516,14.289999961853027,3,0.49000000953674316,6.46999979019165
2422444470,36.44833,-120.66944,2008-05-04,2008,5,gbif,45.91999816894531,110.37999725341797,156.3000030517578,6.800000190734863,9.199999809265137,25.100000381469727,203.10000610351563,33.813331604003906,18.570899963378906,3,0.8235780000686646,7.915389060974121
2430408356,34.94404,-119.39791,2009-03-30,2009,3,gbif,33.31999969482422,51.880001068115234,85.19999694824219,16.65999984741211,0.8500000238418579,15.520000457763672,153.55999755859375,31.703332901000977,22.225553512573242,3,0.9267550706863403,7.216076850891113
2430404682,34.94695,-119.40093,2009-03-30,2009,3,gbif,0,85.5,85.5,16.290000915527344,1.0099999904632568,15.65999984741211,149.55999755859375,31.790000915527344,19.030126571655273,3,0.878420889377594,7.602705478668213
2430380744,34.96286,-119.42877,2009-03-17,2009,3,gbif,0,85.30000305175781,85.30000305175781,15.930000305175781,1.0700000524520874,15.84000015258789,144.14999389648438,31.899999618530273,23.58370018005371,3,0.86507648229599,7.045125961303711
2430350013,34.96678,-119.44164,2009-03-17,2009,3,gbif,0,87.19999694824219,87.19999694824219,14.229999542236328,1.75,16.440000534057617,126.1500015258789,32.22333526611328,14.846677780151367,3,0.3652346730232239,8.077542304992676
2430110872,34.953,-119.371806,2009-04-23,2009,4,gbif,0,127.19999694824219,127.19999694824219,3.9000000953674316,3.2200000286102295,20.139999389648438,151.510009765625,31.67333221435547,25.01178741455078,3,0.9630311727523804,6.864791393280029
2430212350,34.90241,-119.38576,2009-05-19,2009,5,gbif,60.09000015258789,113.01000213623047,173.10000610351563,4.940000057220459,8.470000267028809,27.270000457763672,203.760009765625,30.836666107177734,17.093135833740234,3,0.6910622119903564,7.037727355957031
3053361319,34.7524,-119.0706,2009-06-14,2009,6,gbif,0,154.89999389648438,154.89999389648438,3.4000000953674316,4.079999923706055,23.5,214.22000122070313,28.60999870300293,8.874019622802734,3,0.585262656211853,7.277650833129883
2430296492,34.95036,-119.4462,2010-03-30,2010,3,gbif,0,88.19999694824219,88.19999694824219,9.300000190734863,1.7400000095367432,16.31999969482422,190,32.02000045776367,24.94479751586914,3,0.9119507670402527,7.05202579498291
2422456059,34.84278,-118.69528,2010-03-30,2010,3,gbif,25.700000762939453,67.0999984741211,92.80000305175781,31.31999969482422,2.940000057220459,14.9399995803833,213.11000061035156,30.796667098999023,9.353930473327637,3,0.47780025005340576,6.507845878601074
2982041394,35.3144,-119.99553,2010-04-11,2010,4,gbif,23.65999984741211,93.23999786376953,116.9000015258789,52.040000915527344,3.0999999046325684,17.780000686645508,240.16000366210938,32.686668395996094,27.59000015258789,4,0.07000000029802322,8.270000457763672
2430223523,34.95959,-119.43227,2010-04-06,2010,4,gbif,35.84000015258789,82.05999755859375,117.9000015258789,40.5099983215332,1.809999942779541,17.1299991607666,197.04000854492188,31.866666793823242,22.16604995727539,3,0.9070418477058411,7.223441123962402
2422459047,34.8375,-118.71167,2010-04-13,2010,4,gbif,120.5,0,120.5,66.75,3.549999952316284,15.970000267028809,210.89999389648438,30.81999969482422,11.014511108398438,3,0.5810359120368958,6.703528881072998
2422458960,34.84472,-118.7125,2010-04-13,2010,4,gbif,104.36000061035156,15.739999771118164,120.0999984741211,71.25,3.140000104904175,15.479999542236328,218.0800018310547,30.40999984741211,11.443259239196777,3,0.8633707165718079,7.979639530181885
2422458792,34.84269,-118.69264,2010-04-06,2010,4,gbif,62.349998474121094,59.150001525878906,121.5,68.19000244140625,3.4000000953674316,15.869999885559082,214.40000915527344,30.75666618347168,7.530921459197998,3,0.23205648362636566,6.695298671722412
3053389650,37.916417,-121.947167,2011-04-14,2011,4,gbif,68.30000305175781,39.5,107.80000305175781,8.4399995803833,6.460000038146973,18.229999542236328,291.3699951171875,26.520000457763672,20.56331443786621,3,1.8149518966674805,5.987020969390869
2610076327,33.765,-117.73472,2012-04-27,2012,4,gbif,106.2699966430664,29.43000030517578,135.6999969482422,42.029998779296875,9.710000038146973,22.979999542236328,62.459999084472656,29.613332748413086,29.13126564025879,3,1.236251711845398,7.7031636238098145
oe4625,36.882814,-121.39142,2013-03-12,2013,3,calflora,20.020000457763672,65.58000183105469,85.5999984741211,16.06999969482422,5.039999961853027,20.360000610351563,228.6699981689453,27.149999618530273,31.399290084838867,5,0.9399884343147278,8.161026954650879
2430153065,34.848758,-118.68244,2014-04-16,2014,4,gbif,29.540000915527344,105.86000061035156,135.39999389648438,30.670000076293945,6.96999979019165,21.010000228881836,53.41999816894531,32.03333282470703,13.064788818359375,3,0.16674989461898804,6.662689685821533
oe6816,36.361409,-120.79119,2014-04-15,2014,4,calflora,45.0099983215332,71.589996337890625,116.5999984741211,25.299999237060547,6.46999979019165,21.260000228881836,59.03000259399414,32.099998474121094,17.354816436767578,3,1.109841227531433,7.391658782958984
oe6817,36.403085,-120.747669,2014-04-15,2014,4,calflora,37.599998474121094,78.9000015258789,116.5,25.329999923706055,6.409999847412109,19.649999618530273,62.60000228881836,31.406665802001953,27.94154167175293,3,1.318285584449768,7.136064529418945
2430460636,34.841208,-118.73708,2014-05-03,2014,5,gbif,32.810001373291016,130.08999633789063,162.89999389648438,3.059999942779541,10.640000343322754,24.600000381469727,58.900001525878906,30.983333587646484,11.739999771118164,3,0.7599999904632568,8.199999809265137
2430058558,34.838089,-118.72929,2014-05-03,2014,5,gbif,28.600000381469727,136.39999389648438,165,2.7799999713897705,11.069999694824219,25.239999771118164,56.220001220703125,31.536666870117188,11.461565971374512,3,0.8093481063842773,8.0278902053833
oe6682,36.409514,-120.662835,2014-05-14,2014,5,calflora,47.279998779296875,111.0199966430664,158.3000030517578,0.10000000149011612,10.229999542236328,25.309999465942383,60.94000244140625,31.899999618530273,20.03640365600586,3,1.7249146699905396,7.452602863311768
oe6687,36.407571,-120.654252,2014-05-14,2014,5,calflora,51.380001068115234,105.0199966430664,156.39999389648438,0.12999999523162842,10.09000015258789,24.950000762939453,62.84000015258789,31.600000381469727,23.780502319335938,3,1.7272733449935913,7.1277875900268555
oe6701,36.403245,-120.641481,2014-05-14,2014,5,calflora,57.2599983215332,105.33999633789063,162.60000610351563,0.07999999821186066,10.420000076293945,25.600000381469727,59.65999984741211,32.130001068115234,26.142122268676758,3,1.6769630908966064,7.027094841003418
2573795990,35.241834,-119.903927,2015-03-13,2015,3,gbif,20.540000915527344,79.95999908447266,100.5,6.179999828338623,5.96999979019165,22.889999389648438,122.97999572753906,33.369998931884766,27.345096588134766,6,0.0757296085357666,8.426048278808594
3059683672,35.2183,-119.9525,2015-04-13,2015,4,gbif,49.459999084472656,80.839996337890625,130.3000030517578,6.829999923706055,5.849999904632568,21.850000381469727,147.07000732421875,32.76000213623047,14.124241828918457,3,0.6087784171104431,8.180147171020508
2422502196,35.10968,-118.42833,2015-05-06,2015,5,gbif,36.52000045776367,118.58000183105469,155.10000610351563,11.430000305175781,6.920000076293945,19.75,142.45001220703125,29.91666603088379,11.842854499816895,3,0.6220031380653381,7.5
2563448017,36.671902,-120.866341,2016-02-15,2016,2,gbif,8.329999923706055,44.27000045776367,52.599998474121094,22.030000686645508,6.139999866485596,18.200000762939453,131.27999877929688,33.51333236694336,18.332660675048828,3,0.5435819625854492,7.952394962310791
2563447848,36.823262,-121.281487,2016-02-13,2016,2,gbif,9.279999732971191,42.02000045776367,51.29999923706055,30.190000534057617,5.159999847412109,20.06999969482422,246.25999450683594,29.413333892822266,24.4290771484375,3,0.913177490234375,7.735289573669434
2563449971,36.534722,-120.824387,2016-03-12,2016,3,gbif,42.470001220703125,43.33000183105469,85.80000305175781,72.410003662109375,5.550000190734863,17.200000762939453,144.16000366210938,33.38333511352539,NA,NA,NA,NA
2563449967,36.535197,-120.833337,2016-03-12,2016,3,gbif,33.2400016784668,50.15999984741211,83.4000015258789,64.93000030517578,5.889999866485596,17.860000610351563,130.5,33.856666564941406,18.63530158996582,3,0.7368673086166382,7.900000095367432
2430560182,34.83497,-119.54905,2016-03-16,2016,3,gbif,0,100.19999694824219,100.19999694824219,42.79999923706055,4.699999809265137,17.979999542236328,107.27999877929688,33.72333526611328,9.831376075744629,3,0.5652992725372314,7.568099498748779
2422517419,35.72583,-118.91778,2016-03-20,2016,3,gbif,0,105.0999984741211,105.0999984741211,40.189998626708984,6.659999847412109,20.780000686645508,145.33999633789063,36.34000015258789,16.727102279663086,3,0.857545018196106,7.429758071899414
2422510540,35.13131,-118.462,2016-04-11,2016,4,gbif,125.80000305175781,0,125.80000305175781,35.400001525878906,5.210000038146973,17.75,152.41000366210938,30.8799991607666,11.699914932250977,3,0.7599999904632568,7.309447765350342
2422509605,35.12856,-118.42083,2016-04-11,2016,4,gbif,126.5,0,126.5,33.33000183105469,5.119999885559082,17.829999923706055,150.33999633789063,30.956666946411133,11.020000457763672,3,0.6499999761581421,7.5
3747057313,35.548031,-120.333495,2017-03-23,2017,3,gbif,33.20000076293945,62.70000076293945,95.9000015258789,20.190000534057617,2.9600000381469727,20.399999618530273,413.9100036621094,35.35333251953125,9.06882381439209,3,0.538202166557312,7.543664932250977
3109164305,36.577294,-120.703964,2017-03-19,2017,3,gbif,0,88.9000015258789,88.9000015258789,20.920000076293945,6.329999923706055,20.270000457763672,205.45999145507813,34.76333236694336,18.671199798583984,3,0.4771077334880829,7.733941555023193
3053439183,34.7338,-119.3945,2017-03-15,2017,3,gbif,25.239999771118164,74.55999755859375,99.80000305175781,20.190000534057617,4.150000095367432,17.8799991607666,364.07000732421875,33.87333297729492,9.541681289672852,3,0.6809172034263611,7.2048420906066895
1944422647,33.585345,-117.81796,2017-03-24,2017,3,gbif,110.4000015258789,0,110.4000015258789,3.0999999046325684,10.079999923706055,22.399999618530273,391.42999267578125,27.073333740234375,17.806432723999023,3,1.096914529800415,7.079590320587158
1944422021,33.696548,-117.689774,2017-03-14,2017,3,gbif,35.65999984741211,76.63999938964844,112.30000305175781,5.480000019073486,9.90999984741211,23.270000457763672,421.7200012207031,29.766666412353516,21.319177627563477,3,0.7860075831413269,7.944307804107666
3759122596,35.189864,-119.863297,2017-04-07,2017,4,gbif,0,126.30000305175781,126.30000305175781,20.239999771118164,6.289999961853027,21.290000915527344,313.8800048828125,34.65999984741211,12.471097946166992,3,0.20550437271595,7.9057536125183105
3109013305,35.189502,-119.818611,2017-04-02,2017,4,gbif,0,128.1999969482422,128.1999969482422,17.170000076293945,6.579999923706055,21.34000015258789,287.44000244140625,34.630001068115234,28.086132049560547,4,0.06978683918714523,8.288285255432129
3070311346,35.031078,-119.48391,2017-04-05,2017,4,gbif,0,128.39999389648438,128.39999389648438,6.369999885559082,7.199999809265137,20.450000762939453,215.80999755859375,33.13999938964844,12.154704093933105,3,0.1609775871038437,8.199999809265137
2422525754,35.12222,-118.38,2017-04-14,2017,4,gbif,46.13999938964844,80.05999755859375,126.19999694824219,6.53000020980835,4.679999828338623,18.229999542236328,324.22998046875,31.600000381469727,5.625631809234619,3,0.5959456562995911,7.353416442871094
2236849003,35.286097,-119.901725,2017-04-03,2017,4,gbif,0,127.0999984741211,127.0999984741211,20.690000534057617,5.639999866485596,21.5,304.2099914550781,34.73666763305664,19.39801597595215,4,0.11450378596782684,8.230852127075195
1621779504,34.818817,-118.729848,2017-04-15,2017,4,gbif,59.20000076293945,70.4000015258789,129.60000610351563,3.630000114440918,6.960000038146973,20.489999771118164,289.489990234375,33.28666687011719,22.067184448242188,3,0.7776525616645813,8.0133638381958
4154130679,38.847576,-119.48873,2018-04-15,2018,4,gbif,23.59000015258789,68.61000061035156,92.19999694824219,36.529998779296875,-1.090000033378601,12.6899995803833,82.779998779296875,26.183332443237305,NA,NA,NA,NA
3053438552,34.774,-119.64241,2018-05-06,2018,5,gbif,78.04000091552734,76.05999755859375,154.10000610351563,6.429999828338623,5.96999979019165,21.5,87.16999816894531,31.329999923706055,16.081649780273438,3,0.48237696290016174,7.65709924697876
3053399904,36.2736,-120.5831,2018-05-16,2018,5,gbif,80.41999816894531,73.68000030517578,154.10000610351563,1.4500000476837158,8.970000267028809,23.729999542236328,68.25,32.953330993652344,25.42959976196289,3,0.9309290647506714,7.15529203414917
3053387698,34.77296,-119.63734,2018-05-06,2018,5,gbif,42.470001220703125,111.33000183105469,153.8000030517578,6.320000171661377,6,21.56999969482422,85.9000015258789,31.399999618530273,16.647504806518555,3,0.46875348687171936,7.757217884063721
3053353622,34.78021,-119.64738,2018-05-08,2018,5,gbif,43.29999923706055,113.5,156.8000030517578,6.389999866485596,6.050000190734863,21.520000457763672,86.26000213623047,31.35333251953125,17.520000457763672,3,0.46000000834465027,7.880000114440918
2459171120,35.86891,-120.245573,2018-05-10,2018,5,gbif,55.650001525878906,101.25,156.89999389648438,1.1299999952316284,7.619999885559082,24.350000381469727,68.33000183105469,33.893333435058594,35.23457336425781,3,1.7053465843200684,7.5
2850955370,35.870627,-120.320605,2019-02-22,2019,2,gbif,38.77000045776367,13.930000305175781,52.70000076293945,131.32000732421875,1.7200000286102295,12.529999732971191,235.5600128173828,34.279998779296875,31.09339714050293,3,2.066746473312378,7.395556449890137
2850610357,35.77031,-120.240848,2019-02-23,2019,2,gbif,38.81999969482422,14.180000305175781,53,130.77999877929688,1.340000033378601,12.6899995803833,233.239990234375,34.30666732788086,24.44650650024414,3,1.6551169157028198,6.964263916015625
4091927327,35.184822,-119.8469,2019-03-17,2019,3,gbif,0,92.19999694824219,92.19999694824219,80.839996337890625,4.519999980926514,16.1299991607666,189.48001098632813,33.7599983215332,12.380000114440918,3,0.12999999523162842,7.860000133514404
3117889313,35.094926,-119.640171,2019-03-24,2019,3,gbif,94.69999694824219,0,94.69999694824219,56.959999084472656,5.230000019073486,15.979999542236328,142.27000427246094,33.75,11.209017753601074,3,0.12558630108833313,8.009925842285156
3070554609,36.61977,-120.985764,2019-03-23,2019,3,gbif,50.380001068115234,30.719999313354492,81.0999984741211,45.189998626708984,4.170000076293945,15.65999984741211,227.25,32.39666748046875,26.424402236938477,3,1.1058580875396729,6.548542022705078
3053477174,34.63377,-119.33585,2019-03-29,2019,3,gbif,34.40999984741211,43.4900016784668,77.9000015258789,98.33000183105469,-1.7100000381469727,11.239999771118164,513.29998779296875,30.736665725708008,9.170000076293945,3,0.6800000071525574,5.710000038146973
2851022359,35.437984,-120.302515,2019-03-04,2019,3,gbif,90.9000015258789,0,90.9000015258789,86.470001220703125,2.950000047683716,16.709999084472656,334.9700012207031,33.51333236694336,27.47026252746582,3,3.078233242034912,7.043418884277344
2851021367,35.282186,-119.907465,2019-03-29,2019,3,gbif,88.33000183105469,3.369999885559082,91.69999694824219,87.05999755859375,3.9100000858306885,16.31999969482422,186,33.75,27.59000015258789,4,0.07000000029802322,8.270000457763672
2851018375,35.215837,-119.855133,2019-03-29,2019,3,gbif,0,92.80000305175781,92.80000305175781,81.13999938964844,4.409999847412109,16.25,179.97999572753906,33.779998779296875,31.733213424682617,4,0.062343377619981766,8.482117652893066
2850996360,35.24223,-119.849678,2019-03-29,2019,3,gbif,0,93,93,80.80999755859375,4.380000114440918,16.219999313354492,174.79000854492188,33.733333587646484,27.59000015258789,4,0.0696466937661171,8.270000457763672
2850996358,35.239937,-119.902901,2019-03-29,2019,3,gbif,91,0,91,88.38999938964844,4.070000171661377,16.290000915527344,196.4499969482422,33.73999786376953,22.09295654296875,6,0.08792991936206818,8.240701675415039
2850992359,33.888508,-117.098258,2019-03-31,2019,3,gbif,22.18000030517578,86.12000274658203,108.30000305175781,44.68000030517578,7.539999961853027,19.079999923706055,245.0699920654297,33.28666687011719,34.199668884277344,6,0.3265840709209442,8.666203498840332
2850965371,35.030333,-119.4841,2019-03-31,2019,3,gbif,0,91.69999694824219,91.69999694824219,54.83000183105469,4.820000171661377,15.149999618530273,157.260009765625,33.38999938964844,12.154704093933105,3,0.1609775871038437,8.199999809265137
2850960370,35.202788,-119.855003,2019-03-25,2019,3,gbif,7.789999961853027,84.910003662109375,92.69999694824219,81.06999969482422,4.429999828338623,16.229999542236328,183.13999938964844,33.78666687011719,27.498886108398438,4,0.07612497359514236,8.317671775817871
2850957366,36.196045,-119.199272,2019-03-23,2019,3,gbif,6.320000171661377,89.4800033569336,95.80000305175781,73.54000091552734,6,19.1200008392334,141.97000122070313,35.09333419799805,27.110000610351563,4,0.5600000023841858,8.649999618530273
2850645379,36.20928,-119.19973,2019-03-23,2019,3,gbif,6.789999961853027,89.20999908447266,96,73.62000274658203,6.039999961853027,19.139999389648438,141.66000366210938,35.073333740234375,26.748117446899414,4,0.5858566761016846,8.61694049835205
2850600357,35.471432,-120.386787,2019-03-13,2019,3,gbif,90.80000305175781,0,90.80000305175781,103.29000091552734,3.009999990463257,16.850000381469727,388.7200012207031,33.27333068847656,19.717044830322266,3,2.644829273223877,6.4015936851501465
2850599367,35.034711,-119.484375,2019-03-22,2019,3,gbif,89.94999694824219,3.3499999046325684,93.30000305175781,54.84000015258789,4.829999923706055,15.149999618530273,157.22000122070313,33.39666748046875,9.973078727722168,3,0.12362716346979141,8.199999809265137
2850586363,35.28373,-119.95855,2019-03-26,2019,3,gbif,90.4000015258789,0,90.4000015258789,91.51000213623047,3.700000047683716,16.229999542236328,204.6300048828125,33.69000244140625,27.127702713012695,4,0.07030857354402542,8.260765075683594
2850571362,35.189724,-119.853333,2019-03-22,2019,3,gbif,0,92,92,81.45999908447266,4.480000019073486,16.149999618530273,189.3000030517578,33.7599983215332,12.437378883361816,3,0.14219462871551514,7.872781753540039
2850563377,34.986195,-119.432388,2019-03-30,2019,3,gbif,62.619998931884766,27.079999923706055,89.69999694824219,54.86000061035156,4.239999771118164,14.59000015258789,176.0800018310547,33.21333312988281,6.393576145172119,3,0.47931307554244995,7.871618747711182
2850556374,35.088361,-119.649772,2019-03-17,2019,3,gbif,0,94.5,94.5,57.13999938964844,5.21999979019165,15.979999542236328,142.6300048828125,33.75,12.153534889221191,3,0.12885262072086334,7.893287181854248
2850549366,34.99501,-119.517555,2019-03-23,2019,3,gbif,0,91.80000305175781,91.80000305175781,59.5,3.569999933242798,13.880000114440918,191.91000366210938,32.87333297729492,14.219886779785156,3,0.2877410352230072,8.024901390075684
2850546369,35.033061,-119.489487,2019-03-31,2019,3,gbif,0,91.9000015258789,91.9000015258789,54.91999816894531,4.829999923706055,15.15999984741211,156.5500030517578,33.38999938964844,12.479742050170898,3,0.1452118307352066,8.199999809265137
2850544370,35.203338,-119.854172,2019-03-30,2019,3,gbif,0,92.5,92.5,81.62999725341797,4.429999828338623,16.190000534057617,186.0500030517578,33.76000213623047,28.753768920898438,4,0.06870737671852112,8.32826042175293
2563440115,36.626953,-120.690325,2019-03-16,2019,3,gbif,0,89.4000015258789,89.4000015258789,34.880001068115234,6.519999980926514,18.049999237060547,161.38999938964844,33.266666412353516,21.026317596435547,3,0.7534582614898682,6.953408718109131
2557648130,36.509535,-120.687758,2019-03-30,2019,3,gbif,65.76000213623047,18.639999389648438,84.4000015258789,37.83000183105469,6.010000228881836,17.219999313354492,187.27999877929688,33.546669006347656,NA,NA,NA,NA
2557648127,36.521862,-120.662918,2019-03-30,2019,3,gbif,61.939998626708984,22.260000228881836,84.19999694824219,48.86000061035156,5.139999866485596,15.170000076293945,249.54000854492188,32.29999923706055,18.829999923706055,3,0.75,7.900000095367432
2557648120,36.510022,-120.687022,2019-03-30,2019,3,gbif,65.76000213623047,18.639999389648438,84.4000015258789,37.83000183105469,6.010000228881836,17.219999313354492,187.27999877929688,33.546669006347656,NA,NA,NA,NA
2557648112,36.512203,-120.680645,2019-03-30,2019,3,gbif,63.869998931884766,21.030000686645508,84.9000015258789,40.7599983215332,5.75,16.68000030517578,203.72999572753906,33.220001220703125,NA,NA,NA,NA
2459171967,36.56186,-120.83842,2019-03-17,2019,3,gbif,41.099998474121094,43.099998474121094,84.19999694824219,35.91999816894531,5.5,17.450000762939453,173.20999145507813,33.44999694824219,NA,NA,NA,NA
2234762067,35.236438,-119.904013,2019-03-23,2019,3,gbif,91.0999984741211,0,91.0999984741211,88.5,4.099999904632568,16.280000686645508,197.47999572753906,33.73999786376953,16.881420135498047,3,0.09651791304349899,8.048017501831055
2028489514,35.146131,-119.773378,2019-03-15,2019,3,gbif,0,92.80000305175781,92.80000305175781,67.37000274658203,4.840000152587891,16.1200008392334,162.83999633789063,33.80666732788086,12.380000114440918,3,0.12999999523162842,7.860000133514404
2028482495,34.994774,-119.494659,2019-03-17,2019,3,gbif,8.369999885559082,82.83000183105469,91.19999694824219,57.08000183105469,3.990000009536743,14.319999694824219,179.13999938964844,33.046669006347656,11.629294395446777,3,0.3184817433357239,8.199999809265137
2028480450,35.055889,-119.587792,2019-03-17,2019,3,gbif,0,94.5,94.5,56.619998931884766,4.920000076293945,15.34000015258789,150.04000854492188,33.39666748046875,11.942059516906738,3,0.14120975136756897,8.199999809265137
2013714875,35.209185,-119.897474,2019-03-09,2019,3,gbif,91.5999984741211,0,91.5999984741211,91.839996337890625,4.179999828338623,15.869999885559082,221.39999389648438,33.47666549682617,13.384674072265625,3,0.23259161412715912,8.176434516906738
2012978125,36.676138,-120.865158,2019-03-02,2019,3,gbif,57.56999969482422,24.93000030517578,82.5,36.7599983215332,5.289999961853027,16.809999465942383,170.02999877929688,33.040000915527344,21.897022247314453,3,0.5639416575431824,7.966716289520264
4028760600,35.093575,-119.651108,2019-04-11,2019,4,gbif,0,134.39999389648438,134.39999389648438,3.7100000381469727,8.729999542236328,23.270000457763672,142.86000061035156,33.76333236694336,12.353212356567383,3,0.1298796385526657,7.860000133514404
3760301755,35.092475,-119.651416,2019-04-04,2019,4,gbif,0,135,135,3.7100000381469727,8.729999542236328,23.260000228881836,142.6800079345703,33.76333236694336,11.935468673706055,3,0.12798643112182617,7.915297985076904
3398970410,35.009675,-119.515336,2019-04-04,2019,4,gbif,0,131.6999969482422,131.6999969482422,4.429999828338623,7.409999847412109,21.81999969482422,179.00999450683594,32.97666549682617,14.275527000427246,3,0.27559447288513184,8.138365745544434
2851004390,35.182375,-119.845197,2019-04-01,2019,4,gbif,0,130.60000610351563,130.60000610351563,4.329999923706055,7.449999809265137,23.239999771118164,187.89999389648438,33.76333236694336,12.380000114440918,3,0.12999999523162842,7.860000133514404
2850956374,35.031733,-119.482728,2019-04-08,2019,4,gbif,54.72999954223633,79.06999969482422,133.8000030517578,4.110000133514404,8.569999694824219,22.559999465942383,156.88999938964844,33.400001525878906,10.999646186828613,3,0.1323184370994568,8.199999809265137
2850948378,35.009193,-119.515298,2019-04-06,2019,4,gbif,0,131,131,4.400000095367432,7.5,21.8700008392334,176.8300018310547,33.00666809082031,13.907259941101074,3,0.2617694139480591,8.086503982543945
2850611383,35.206564,-119.854772,2019-04-11,2019,4,gbif,24.850000381469727,106.25,131.10000610351563,4.340000152587891,7.269999980926514,23.280000686645508,181.22999572753906,33.790000915527344,31.539892196655273,4,0.06416738033294678,8.495523452758789
2850608365,35.117146,-119.620934,2019-04-13,2019,4,gbif,31.75,105.1500015258789,136.89999389648438,3.8399999141693115,8.579999923706055,22.68000030517578,153.9199981689453,33.4033317565918,9.840422630310059,3,0.12324032187461853,8.199999809265137
2850600363,34.990647,-119.482958,2019-04-06,2019,4,gbif,35.02000045776367,96.68000030517578,131.6999969482422,4.28000020980835,7.730000019073486,22.06999969482422,173.55999755859375,33.143333435058594,13.078941345214844,3,0.274383544921875,8.199999809265137
2850577366,35.008199,-119.516066,2019-04-06,2019,4,gbif,0,131,131,4.400000095367432,7.5,21.8700008392334,176.8300018310547,33.00666809082031,13.907259941101074,3,0.2617694139480591,8.086503982543945
2850569368,35.241665,-119.902779,2019-04-07,2019,4,gbif,45.150001525878906,83.8499984741211,129,4.659999847412109,6.630000114440918,23.25,193.60000610351563,33.7599983215332,27.345096588134766,6,0.0757296085357666,8.426048278808594
2850546372,34.990066,-119.482225,2019-04-12,2019,4,gbif,35.02000045776367,96.68000030517578,131.6999969482422,4.28000020980835,7.730000019073486,22.06999969482422,173.55999755859375,33.143333435058594,13.078941345214844,3,0.274383544921875,8.199999809265137
2850545353,35.013159,-119.527216,2019-04-12,2019,4,gbif,0,131.39999389648438,131.39999389648438,4.420000076293945,7.510000228881836,21.899999618530273,175.2899932861328,33.00666809082031,15.202829360961914,3,0.32352694869041443,8.1493558883667
2850532359,36.374633,-120.99315,2019-04-07,2019,4,gbif,34.29999923706055,91.0999984741211,125.4000015258789,4.380000114440918,7.019999980926514,23.170000076293945,254.10000610351563,32.53333282470703,33.08864974975586,6,1.3685493469238281,7.987761974334717
2981061356,33.656644,-117.808771,2020-02-27,2020,2,gbif,23.09000015258789,48.5099983215332,71.5999984741211,11.0600004196167,8.960000038146973,21.670000076293945,127.06999969482422,27.010000228881836,20.97614860534668,4,1.1021300554275513,7.216852188110352
2850570482,35.079308,-118.71765,2020-02-22,2020,2,gbif,9.210000038146973,57.4900016784668,66.69999694824219,2.130000114440918,3.140000104904175,16.899999618530273,90.84000396728516,32.5533332824707,11.13821792602539,3,1.4905946254730225,7.978940486907959
2576411590,38.524307,-121.788323,2020-02-29,2020,2,gbif,12.350000381469727,29.950000762939453,42.29999923706055,0,4.539999961853027,19.579999923706055,189.62998962402344,33.47666549682617,17.131650924682617,3,1.2243317365646362,7.397233963012695
2574142032,36.561164,-120.839317,2020-02-01,2020,2,gbif,9.390000343322754,41.709999084472656,51.099998474121094,0,3.440000057220459,19.280000686645508,115.80999755859375,33.99333190917969,NA,NA,NA,NA
2573846995,36.589911,-120.698639,2020-02-02,2020,2,gbif,0,53.29999923706055,53.29999923706055,0,3.880000114440918,19.760000228881836,97.410003662109375,34.483333587646484,28.155574798583984,3,0.7591690421104431,6.38624382019043
3070362482,37.838781,-121.62292,2020-03-10,2020,3,gbif,26.979999542236328,52.720001220703125,79.69999694824219,38.18000030517578,6.920000076293945,17.8700008392334,105.74000549316406,33.06999969482422,17.497587203979492,5,0.5781182646751404,8.206327438354492
2850590458,35.203422,-119.850057,2020-03-01,2020,3,gbif,0,91.9000015258789,91.9000015258789,85.660003662109375,4.130000114440918,15.800000190734863,87.33000183105469,34.3033332824707,27.59000015258789,4,0.07000000029802322,8.270000457763672
2580106199,35.022781,-119.607208,2020-03-07,2020,3,gbif,0,92.19999694824219,92.19999694824219,72.5,3.6700000762939453,14.489999771118164,83.44000244140625,34.78666687011719,20.53679847717285,3,0.14840078353881836,8.100844383239746
4126691722,33.641325,-117.844306,2020-04-08,2020,4,gbif,137.3000030517578,0,137.3000030517578,88.80999755859375,13.220000267028809,21.530000686645508,125.6300048828125,26.623332977294922,28.054428100585938,3,1.2369149923324585,7.700173377990723
3712710899,34.734454,-119.390184,2020-04-19,2020,4,gbif,133.8000030517578,0,133.8000030517578,99.05999755859375,4.599999904632568,20.68000030517578,132.74000549316406,34.349998474121094,10.258259773254395,3,0.7214248180389404,7.202528953552246
2850943499,34.989181,-119.480462,2020-04-17,2020,4,gbif,0,129,129,77.16999816894531,7.309999942779541,19.81999969482422,80.72999572753906,34.72999954223633,13.890581130981445,3,0.32905465364456177,8.199999809265137
2851007536,34.751039,-119.072553,2020-05-01,2020,5,gbif,82.80000305175781,66.30000305175781,149.10000610351563,2.640000104904175,3.5899999141693115,23.1200008392334,137.52999877929688,29.513334274291992,8.807427406311035,3,0.58321380615234375,7.2871928215026855
2850601533,34.869998,-119.310801,2020-05-09,2020,5,gbif,80.62999725341797,81.2699966430664,161.89999389648438,2.569999933242798,4.820000171661377,24.530000686645508,121.43999481201172,31.26666831970215,14.668941497802734,3,0.4729450047016144,7.425844192504883
3097184522,36.5768,-120.70298,2021-03-07,2021,3,gbif,0,84.5999984741211,84.5999984741211,19.850000381469727,3.8399999141693115,18.420000076293945,118.56000518798828,34.983333587646484,18.671199798583984,3,0.4771077334880829,7.733941555023193
3097087501,36.741728,-121.306742,2021-03-24,2021,3,gbif,30.530000686645508,50.369998931884766,80.9000015258789,34.630001068115234,2.8499999046325684,17.270000457763672,146.6300048828125,28.376667022705078,17.21550178527832,3,0.9182406067848206,8.095520973205566
3118353450,32.715689,-116.708386,2021-04-15,2021,4,gbif,74.69999694824219,51.900001525878906,126.5999984741211,7.429999828338623,8.329999923706055,20.440000534057617,116.0999984741211,30.329999923706055,20.953601837158203,3,0.5370947122573853,6.842494487762451
4067629476,36.535637,-120.833717,2021-05-16,2021,5,gbif,0,156.89999389648438,156.89999389648438,0.03999999910593033,10.449999809265137,27.65999984741211,146.13999938964844,34.06999969482422,18.186403274536133,3,0.7063619494438171,7.900000095367432
3118342746,32.715972,-116.707305,2021-05-18,2021,5,gbif,47.029998779296875,95.66999816894531,142.6999969482422,0.8999999761581421,9.369999885559082,22.329999923706055,116.0999984741211,30.329999923706055,20.953601837158203,3,0.5370947122573853,6.842494487762451
3466383434,37.974142,-121.832008,2022-01-28,2022,1,gbif,6.789999961853027,22.40999984741211,29.200000762939453,2.1700000762939453,3.5799999237060547,15.520000457763672,159.02999877929688,30.363332748413086,34.36404037475586,3,1.258643388748169,7.579126358032227
4089658365,37.916406,-121.7877,2022-02-15,2022,2,gbif,17.649999618530273,25.549999237060547,43.20000076293945,0.6700000166893005,4.489999771118164,17.93000030517578,151.95999145507813,31.143333435058594,27.071453094482422,3,0.9687235951423645,7.482247352600098
3947688533,37.629015,-121.539216,2022-02-17,2022,2,gbif,16.030000686645508,27.270000457763672,43.29999923706055,1.4800000190734863,5.840000152587891,17.020000457763672,114,30.969999313354492,26.12610626220703,3,0.6716213822364807,7.373205184936523
3759840827,35.2236,-119.852233,2022-02-20,2022,2,gbif,0,60.099998474121094,60.099998474121094,1.2200000286102295,1.5299999713897705,17.200000762939453,99.31000518798828,34.94000244140625,30.15393829345703,4,0.06486955285072327,8.3949127197265625
3698390918,37.972963,-121.837088,2022-02-20,2022,2,gbif,17.579999923706055,24.520000457763672,42.099998474121094,0.6299999952316284,4.5,17.709999084472656,161.86000061035156,30.273332595825195,26.369665145874023,3,1.5677491426467896,7.192032337188721
3698369564,37.977631,-121.853389,2022-02-18,2022,2,gbif,17.020000457763672,23.3799991607666,40.400001525878906,0.75,4.590000152587891,17.3799991607666,174.11000061035156,29.836666107177734,21.891407012939453,2,2.361898183822632,6.835241317749023
3698359781,37.970567,-121.832887,2022-02-20,2022,2,gbif,17.649999618530273,24.649999618530273,42.29999923706055,0.6200000047683716,4.5,17.75,160.49000549316406,30.34000015258789,28.46706771850586,3,1.2421133518218994,7.145935535430908
3698312590,37.979805,-121.857324,2022-02-18,2022,2,gbif,17.18000030517578,23.920000076293945,41.099998474121094,0.6000000238418579,4.369999885559082,17.790000915527344,162.19000244140625,30.15999984741211,24.18999481201172,2,1.937934398651123,7.133018493652344
3698286791,37.971989,-121.860764,2022-02-21,2022,2,gbif,16.90999984741211,23.389999389648438,40.29999923706055,0.7099999785423279,4.519999980926514,17.489999771118164,171.1300048828125,29.920000076293945,25.83626365661621,3,1.309999942779541,7.424964904785156
3499393959,37.962987,-121.830898,2022-02-13,2022,2,gbif,17.510000228881836,24.290000915527344,41.79999923706055,0.7200000286102295,4.639999866485596,17.5,167.6199951171875,30.15999984741211,26.420000076293945,3,1.309999942779541,7.519999980926514
3499341228,37.956473,-121.868118,2022-02-14,2022,2,gbif,17.829999923706055,24.3700008392334,42.20000076293945,0.9200000166893005,4.75,16.90999984741211,190.35000610351563,29.369998931884766,23.36835289001465,3,1.199104905128479,7.151194095611572
4076257580,35.710089,-120.312162,2022-03-01,2022,3,gbif,38.09000015258789,57.810001373291016,95.9000015258789,25.360000610351563,2.450000047683716,21.93000030517578,155.50999450683594,35.529998779296875,17.18123435974121,3,1.043027639389038,8.053905487060547
3760224789,35.223428,-119.942757,2022-03-26,2022,3,gbif,28.049999237060547,70.05000305175781,98.0999984741211,26.290000915527344,4.239999771118164,20.059999465942383,134.42999267578125,34.53333282470703,14.673091888427734,3,0.5669213533401489,8.199999809265137
3760135293,35.109925,-119.8526,2022-03-13,2022,3,gbif,22.969999313354492,67.529998779296875,90.5,31.1200008392334,6.010000228881836,16.950000762939453,198.38999938964844,31.953332901000977,16.955310821533203,3,0.4230693280696869,8.162031173706055
3747336780,35.443525,-120.094264,2022-03-12,2022,3,gbif,0,96.5999984741211,96.5999984741211,23.540000915527344,3.0299999713897705,20.229999542236328,118.56999969482422,34.4900016784668,14.75,3,0.6299999952316284,8.199999809265137
3747317808,35.231232,-119.902453,2022-03-16,2022,3,gbif,32.86000061035156,62.939998626708984,95.80000305175781,25.860000610351563,4.090000152587891,20.520000457763672,110.02999877929688,35.03666687011719,20.697734832763672,4,0.08634581416845322,8.184321403503418
3747268564,37.542205,-120.918787,2022-03-18,2022,3,gbif,18.649999618530273,67.75,86.4000015258789,18.75,6.590000152587891,21.709999084472656,126.93000030517578,33.45333480834961,7.3461995124816895,4,0.23232756555080414,7.604592800140381
3747156582,35.521544,-120.085433,2022-03-12,2022,3,gbif,0,96,96,23.549999237060547,4.179999828338623,20.510000228881836,100.7300033569336,34.78666687011719,14.227293968200684,3,1.049302577972412,8.199847221374512
3747074855,33.495663,-117.639525,2022-03-20,2022,3,gbif,36.029998779296875,69.2699966430664,105.30000305175781,26.959999084472656,8.930000305175781,20.639999389648438,113.56999969482422,24.299999237060547,26.939342498779297,3,1.2809088230133057,7.678859233856201
3747064928,35.1152,-119.856406,2022-03-17,2022,3,gbif,33.91999816894531,56.779998779296875,90.69999694824219,30.25,5.869999885559082,17.559999465942383,185.1300048828125,32.540000915527344,17.558368682861328,3,0.6531416773796082,8.147300720214844
3747023976,35.701708000000004,-120.242044,2022-03-12,2022,3,gbif,40.060001373291016,51.34000015258789,91.4000015258789,26.3799991607666,3.1600000858306885,20.8799991607666,155.70001220703125,35.09333419799805,17.887296676635742,3,1.4938924312591553,8.063285827636719
3746992959,35.461,-120.090422,2022-03-12,2022,3,gbif,0,96.9000015258789,96.9000015258789,23.68000030517578,3.2699999809265137,20.030000686645508,119.62999725341797,34.37333297729492,14.668707847595215,3,0.670013964176178,8.199999809265137
3743177713,33.494732,-117.639112,2022-03-09,2022,3,gbif,36.029998779296875,69.2699966430664,105.30000305175781,26.959999084472656,8.930000305175781,20.639999389648438,113.56999969482422,24.299999237060547,26.939342498779297,3,1.2809088230133057,7.678859233856201
3743100970,35.206719,-119.854325,2022-03-14,2022,3,gbif,0,97.30000305175781,97.30000305175781,26.290000915527344,4.579999923706055,20.309999465942383,103.02999877929688,35.043331146240234,29.099470138549805,4,0.0665586069226265,8.352858543395996
4067258546,33.811103,-117.160497,2022-04-08,2022,4,gbif,28.829999923706055,113.2699966430664,142.10000610351563,5.119999885559082,9.729999542236328,23.899999618530273,106.0199966430664,34.016666412353516,25.760908126831055,3,0.3443945646286011,8.163976669311523
3860648632,35.070695,-119.792392,2022-04-01,2022,4,gbif,37.630001068115234,83.2699966430664,120.9000015258789,11.079999923706055,6.070000171661377,18.450000762939453,201.77999877929688,31.110000610351563,13.769438743591309,2,1.160887360572815,7.775208473205566
3773474695,32.715113,-116.7061,2022-05-02,2022,5,gbif,39.38999938964844,103.70999908447266,143.10000610351563,0,9.609999656677246,22.790000915527344,193.63999938964844,30.24333381652832,15.094822883605957,3,0.4339945912361145,6.730429172515869
